date,method,true_net_profit,gross_revenue,real_deg_cost,throughput,full_cycles
2019-01-01,dp_deg,25.6723,55.6723,30,2.5,1.25
2019-01-01,dp_nodeg,-32.4583,69.5417,102,8.5,4.25
2019-01-01,greedy,9.77343,51.7734,42,3.5,1.75
2019-01-02,dp_deg,43.1805,55.1805,12,1,0.5
2019-01-02,dp_nodeg,12.4033,72.4033,60,5,2.5
2019-01-02,greedy,52.4771,70.4771,18,1.5,0.75
2019-01-03,dp_deg,1.03727e-14,1.33703e-14,2.9976e-15,2.498e-16,1.249e-16
2019-01-03,dp_nodeg,-9.62665,14.3734,24,2,1
2019-01-03,greedy,-12.4134,11.5866,24,2,1
2019-01-04,dp_deg,8.56431e-15,1.15619e-14,2.9976e-15,2.498e-16,1.249e-16
2019-01-04,dp_nodeg,-14.6196,9.38037,24,2,1
2019-01-04,greedy,-53.4019,-23.4019,30,2.5,1.25
2019-01-05,dp_deg,6.67685,18.6769,12,1,0.5
2019-01-05,dp_nodeg,-16.1087,19.8913,36,3,1.5
2019-01-05,greedy,16.2479,34.2479,18,1.5,0.75
2019-01-06,dp_deg,9.63812e-15,1.26357e-14,2.9976e-15,2.498e-16,1.249e-16
2019-01-06,dp_nodeg,-26.2846,9.71541,36,3,1.5
2019-01-06,greedy,12.0241,30.0241,18,1.5,0.75
2019-01-07,dp_deg,21.7516,33.7516,12,1,0.5
2019-01-07,dp_nodeg,19.3158,43.3158,24,2,1
2019-01-07,greedy,-33.3786,-3.37862,30,2.5,1.25
2019-01-08,dp_deg,5.56585,17.5659,12,1,0.5
2019-01-08,dp_nodeg,-16.7721,31.2279,48,4,2
2019-01-08,greedy,-3.72388,20.2761,24,2,1
2019-01-09,dp_deg,12.089,24.089,12,1,0.5
2019-01-09,dp_nodeg,-6.33218,29.6678,36,3,1.5
2019-01-09,greedy,19.7889,37.7889,18,1.5,0.75
2019-01-10,dp_deg,2.42209,14.4221,12,1,0.5
2019-01-10,dp_nodeg,-0.241205,23.7588,24,2,1
2019-01-10,greedy,-2.85637,21.1436,24,2,1
2019-01-11,dp_deg,8.56624e-15,1.15638e-14,2.9976e-15,2.498e-16,1.249e-16
2019-01-11,dp_nodeg,-24.1931,11.8069,36,3,1.5
2019-01-11,greedy,-57.3599,-15.3599,42,3.5,1.75
2019-01-12,dp_deg,6.45431e-15,9.45192e-15,2.9976e-15,2.498e-16,1.249e-16
2019-01-12,dp_nodeg,-35.5808,12.4192,48,4,2
2019-01-12,greedy,-56.1788,-14.1788,42,3.5,1.75
2019-01-13,dp_deg,6.21112,18.2111,12,1,0.5
2019-01-13,dp_nodeg,-42.3112,47.6888,90,7.5,3.75
2019-01-13,greedy,-7.89266,22.1073,30,2.5,1.25
2019-01-14,dp_deg,20.0628,32.0628,12,1,0.5
2019-01-14,dp_nodeg,-15.0978,44.9022,60,5,2.5
2019-01-14,greedy,31.3965,49.3965,18,1.5,0.75
2019-01-15,dp_deg,7.53064e-15,1.05282e-14,2.9976e-15,2.498e-16,1.249e-16
2019-01-15,dp_nodeg,-4.37228,19.6277,24,2,1
2019-01-15,greedy,-8.88993,15.1101,24,2,1
2019-01-16,dp_deg,7.47292e-15,1.04705e-14,2.9976e-15,2.498e-16,1.249e-16
2019-01-16,dp_nodeg,-5.04354,18.9565,24,2,1
2019-01-16,greedy,-5.56286,18.4371,24,2,1
2019-01-17,dp_deg,2.95058,14.9506,12,1,0.5
2019-01-17,dp_nodeg,-4.58525,19.4148,24,2,1
2019-01-17,greedy,16.7392,34.7392,18,1.5,0.75
2019-01-18,dp_deg,1.58132,13.5813,12,1,0.5
2019-01-18,dp_nodeg,-3.7806,20.2194,24,2,1
2019-01-18,greedy,-5.9227,18.0773,24,2,1
2019-01-19,dp_deg,9.83339e-15,1.2831e-14,2.9976e-15,2.498e-16,1.249e-16
2019-01-19,dp_nodeg,-25.2634,10.7366,36,3,1.5
2019-01-19,greedy,-56.6859,-26.6859,30,2.5,1.25
2019-01-20,dp_deg,9.48668e-15,1.24843e-14,2.9976e-15,2.498e-16,1.249e-16
2019-01-20,dp_nodeg,-12.7127,11.2873,24,2,1
2019-01-20,greedy,14.0813,32.0813,18,1.5,0.75
2019-01-21,dp_deg,1.46292,13.4629,12,1,0.5
2019-01-21,dp_nodeg,-19.1487,28.8513,48,4,2
2019-01-21,greedy,-2.84849,21.1515,24,2,1
2019-01-22,dp_deg,1.15964e-14,1.4594e-14,2.9976e-15,2.498e-16,1.249e-16
2019-01-22,dp_nodeg,-25.0459,22.9541,48,4,2
2019-01-22,greedy,-10.7094,13.2906,24,2,1
2019-01-23,dp_deg,3.96658,15.9666,12,1,0.5
2019-01-23,dp_nodeg,3.57963,27.5796,24,2,1
2019-01-23,greedy,1.65773,25.6577,24,2,1
2019-01-24,dp_deg,19.9612,43.9612,24,2,1
2019-01-24,dp_nodeg,-0.149854,47.8501,48,4,2
2019-01-24,greedy,12.2469,36.2469,24,2,1
2019-01-25,dp_deg,11.461,35.461,24,2,1
2019-01-25,dp_nodeg,-0.462523,35.5375,36,3,1.5
2019-01-25,greedy,-31.9557,-1.95566,30,2.5,1.25
2019-01-26,dp_deg,8.37348e-15,1.13711e-14,2.9976e-15,2.498e-16,1.249e-16
2019-01-26,dp_nodeg,-11.6866,12.3134,24,2,1
2019-01-26,greedy,-13.9964,10.0036,24,2,1
2019-01-27,dp_deg,10.5886,22.5886,12,1,0.5
2019-01-27,dp_nodeg,-7.32338,28.6766,36,3,1.5
2019-01-27,greedy,12.4383,30.4383,18,1.5,0.75
2019-01-28,dp_deg,8.6782e-15,1.16758e-14,2.9976e-15,2.498e-16,1.249e-16
2019-01-28,dp_nodeg,-28.1612,19.8388,48,4,2
2019-01-28,greedy,-10.7575,13.2425,24,2,1
2019-01-29,dp_deg,1.09453e-14,1.39429e-14,2.9976e-15,2.498e-16,1.249e-16
2019-01-29,dp_nodeg,-7.12245,16.8776,24,2,1
2019-01-29,greedy,-8.28887,15.7111,24,2,1
2019-01-30,dp_deg,9.29701e-15,1.22946e-14,2.9976e-15,2.498e-16,1.249e-16
2019-01-30,dp_nodeg,-30.1176,17.8824,48,4,2
2019-01-30,greedy,-12.6034,11.3966,24,2,1
2019-01-31,dp_deg,0.0888087,12.0888,12,1,0.5
2019-01-31,dp_nodeg,-3.855,20.145,24,2,1
2019-01-31,greedy,-4.98186,19.0181,24,2,1
2019-02-01,dp_deg,9.85366e-15,1.28513e-14,2.9976e-15,2.498e-16,1.249e-16
2019-02-01,dp_nodeg,-9.76963,14.2304,24,2,1
2019-02-01,greedy,18.3018,36.3018,18,1.5,0.75
2019-02-02,dp_deg,8.62985e-15,1.16274e-14,2.9976e-15,2.498e-16,1.249e-16
2019-02-02,dp_nodeg,-39.9632,8.03678,48,4,2
2019-02-02,greedy,-20.7546,3.24544,24,2,1
2019-02-03,dp_deg,7.8261e-15,1.08237e-14,2.9976e-15,2.498e-16,1.249e-16
2019-02-03,dp_nodeg,-15.2964,8.70361,24,2,1
2019-02-03,greedy,7.52024,25.5202,18,1.5,0.75
2019-02-04,dp_deg,7.2071e-15,1.02047e-14,2.9976e-15,2.498e-16,1.249e-16
2019-02-04,dp_nodeg,-17.9285,18.0715,36,3,1.5
2019-02-04,greedy,-53.4838,-11.4838,42,3.5,1.75
2019-02-05,dp_deg,9.46284e-15,1.24604e-14,2.9976e-15,2.498e-16,1.249e-16
2019-02-05,dp_nodeg,-7.48487,16.5151,24,2,1
2019-02-05,greedy,-10.1418,13.8582,24,2,1
2019-02-06,dp_deg,8.89036e-15,1.1888e-14,2.9976e-15,2.498e-16,1.249e-16
2019-02-06,dp_nodeg,-13.8011,10.1989,24,2,1
2019-02-06,greedy,-17.9096,6.0904,24,2,1
2019-02-07,dp_deg,7.32235e-15,1.03199e-14,2.9976e-15,2.498e-16,1.249e-16
2019-02-07,dp_nodeg,-44.6387,15.3613,60,5,2.5
2019-02-07,greedy,-54.4228,-12.4228,42,3.5,1.75
2019-02-08,dp_deg,1.67233,13.6723,12,1,0.5
2019-02-08,dp_nodeg,-20.7213,27.2787,48,4,2
2019-02-08,greedy,-27.8314,2.16862,30,2.5,1.25
2019-02-09,dp_deg,7.43347,31.4335,24,2,1
2019-02-09,dp_nodeg,-32.476,51.524,84,7,3.5
2019-02-09,greedy,-1.92179,40.0782,42,3.5,1.75
2019-02-10,dp_deg,7.16339,19.1634,12,1,0.5
2019-02-10,dp_nodeg,-36.6732,35.3268,72,6,3
2019-02-10,greedy,8.26256,26.2626,18,1.5,0.75
2019-02-11,dp_deg,13.0402,25.0402,12,1,0.5
2019-02-11,dp_nodeg,-37.2291,34.7709,72,6,3
2019-02-11,greedy,18.2345,48.2345,30,2.5,1.25
2019-02-12,dp_deg,0.0202271,12.0202,12,1,0.5
2019-02-12,dp_nodeg,-19.2011,16.7989,36,3,1.5
2019-02-12,greedy,-15.4348,8.56516,24,2,1
2019-02-13,dp_deg,7.51568e-15,1.05133e-14,2.9976e-15,2.498e-16,1.249e-16
2019-02-13,dp_nodeg,-13.8123,10.1877,24,2,1
2019-02-13,greedy,-18.1733,5.82674,24,2,1
2019-02-14,dp_deg,8.37445e-15,1.1372e-14,2.9976e-15,2.498e-16,1.249e-16
2019-02-14,dp_nodeg,-25.2657,22.7343,48,4,2
2019-02-14,greedy,-11.3383,12.6617,24,2,1
2019-02-15,dp_deg,8.03343e-15,1.1031e-14,2.9976e-15,2.498e-16,1.249e-16
2019-02-15,dp_nodeg,-28.3602,19.6398,48,4,2
2019-02-15,greedy,-34.3675,13.6325,48,4,2
2019-02-16,dp_deg,6.08782e-15,9.08542e-15,2.9976e-15,2.498e-16,1.249e-16
2019-02-16,dp_nodeg,-27.3788,8.62123,36,3,1.5
2019-02-16,greedy,-5.63691,24.3631,30,2.5,1.25
2019-02-17,dp_deg,6.04882e-15,9.04642e-15,2.9976e-15,2.498e-16,1.249e-16
2019-02-17,dp_nodeg,-17.338,6.66202,24,2,1
2019-02-17,greedy,-11.4552,18.5448,30,2.5,1.25
2019-02-18,dp_deg,7.75052e-15,1.07481e-14,2.9976e-15,2.498e-16,1.249e-16
2019-02-18,dp_nodeg,-29.475,18.525,48,4,2
2019-02-18,greedy,-12.0161,11.9839,24,2,1
2019-02-19,dp_deg,6.57284e-15,9.57045e-15,2.9976e-15,2.498e-16,1.249e-16
2019-02-19,dp_nodeg,-31.9076,16.0924,48,4,2
2019-02-19,greedy,-27.2531,8.74686,36,3,1.5
2019-02-20,dp_deg,7.56645e-15,1.05641e-14,2.9976e-15,2.498e-16,1.249e-16
2019-02-20,dp_nodeg,-34.2708,13.7292,48,4,2
2019-02-20,greedy,-13.9951,10.0049,24,2,1
2019-02-21,dp_deg,7.01743e-15,1.0015e-14,2.9976e-15,2.498e-16,1.249e-16
2019-02-21,dp_nodeg,-34.0736,13.9264,48,4,2
2019-02-21,greedy,-7.10995,34.89,42,3.5,1.75
2019-02-22,dp_deg,7.9371e-15,1.09347e-14,2.9976e-15,2.498e-16,1.249e-16
2019-02-22,dp_nodeg,-25.7374,10.2626,36,3,1.5
2019-02-22,greedy,-15.3287,8.67126,24,2,1
2019-02-23,dp_deg,6.30084e-15,9.29844e-15,2.9976e-15,2.498e-16,1.249e-16
2019-02-23,dp_nodeg,-39.312,8.68798,48,4,2
2019-02-23,greedy,-18.4853,23.5147,42,3.5,1.75
2019-02-24,dp_deg,6.26667e-15,9.26428e-15,2.9976e-15,2.498e-16,1.249e-16
2019-02-24,dp_nodeg,-6.75706,5.24294,12,1,0.5
2019-02-24,greedy,5.36639,23.3664,18,1.5,0.75
2019-02-25,dp_deg,7.29107e-15,1.02887e-14,2.9976e-15,2.498e-16,1.249e-16
2019-02-25,dp_nodeg,-27.7553,20.2447,48,4,2
2019-02-25,greedy,-2.90339,39.0966,42,3.5,1.75
2019-02-26,dp_deg,7.3347e-15,1.03323e-14,2.9976e-15,2.498e-16,1.249e-16
2019-02-26,dp_nodeg,-30.0427,17.9573,48,4,2
2019-02-26,greedy,-3.05997,38.94,42,3.5,1.75
2019-02-27,dp_deg,7.24407e-15,1.02417e-14,2.9976e-15,2.498e-16,1.249e-16
2019-02-27,dp_nodeg,-30.2427,17.7573,48,4,2
2019-02-27,greedy,-33.4481,14.5519,48,4,2
2019-02-28,dp_deg,6.32893e-15,9.32653e-15,2.9976e-15,2.498e-16,1.249e-16
2019-02-28,dp_nodeg,-33.7757,14.2243,48,4,2
2019-02-28,greedy,0.893119,30.8931,30,2.5,1.25
2019-03-01,dp_deg,7.62388e-15,1.06215e-14,2.9976e-15,2.498e-16,1.249e-16
2019-03-01,dp_nodeg,-18.7761,5.22385,24,2,1
2019-03-01,greedy,-22.694,1.30596,24,2,1
2019-03-02,dp_deg,6.55798e-15,9.55558e-15,2.9976e-15,2.498e-16,1.249e-16
2019-03-02,dp_nodeg,-37.244,10.756,48,4,2
2019-03-02,greedy,-69.5558,-15.5558,54,4.5,2.25
2019-03-03,dp_deg,7.36213,19.3621,12,1,0.5
2019-03-03,dp_nodeg,-46.2422,37.7578,84,7,3.5
2019-03-03,greedy,5.75163,35.7516,30,2.5,1.25
2019-03-04,dp_deg,29.5611,77.5611,48,4,2
2019-03-04,dp_nodeg,21.2273,81.2273,60,5,2.5
2019-03-04,greedy,7.42792,43.4279,36,3,1.5
2019-03-05,dp_deg,16.278,28.278,12,1,0.5
2019-03-05,dp_nodeg,-31.1118,40.8882,72,6,3
2019-03-05,greedy,26.3989,44.3989,18,1.5,0.75
2019-03-06,dp_deg,5.05685e-15,8.05446e-15,2.9976e-15,2.498e-16,1.249e-16
2019-03-06,dp_nodeg,-25.6579,22.3421,48,4,2
2019-03-06,greedy,-42.3814,-0.381405,42,3.5,1.75
2019-03-07,dp_deg,5.09074,17.0907,12,1,0.5
2019-03-07,dp_nodeg,-23.9056,36.0944,60,5,2.5
2019-03-07,greedy,-4.51106,19.4889,24,2,1
2019-03-08,dp_deg,14.3042,26.3042,12,1,0.5
2019-03-08,dp_nodeg,-13.7435,46.2565,60,5,2.5
2019-03-08,greedy,13.0141,31.0141,18,1.5,0.75
2019-03-09,dp_deg,1.27217,13.2722,12,1,0.5
2019-03-09,dp_nodeg,-15.0921,44.9079,60,5,2.5
2019-03-09,greedy,4.961,34.961,30,2.5,1.25
2019-03-10,dp_deg,19.3962,31.3962,12,1,0.5
2019-03-10,dp_nodeg,-32.3663,39.6337,72,6,3
2019-03-10,greedy,22.9063,40.9063,18,1.5,0.75
2019-03-11,dp_deg,6.10728,18.1073,12,1,0.5
2019-03-11,dp_nodeg,-24.8869,23.1131,48,4,2
2019-03-11,greedy,6.19224,36.1922,30,2.5,1.25
2019-03-12,dp_deg,11.9405,23.9405,12,1,0.5
2019-03-12,dp_nodeg,-24.0424,35.9576,60,5,2.5
2019-03-12,greedy,-47.2366,6.76338,54,4.5,2.25
2019-03-13,dp_deg,10.229,34.229,24,2,1
2019-03-13,dp_nodeg,-18.4305,53.5695,72,6,3
2019-03-13,greedy,9.74981,51.7498,42,3.5,1.75
2019-03-14,dp_deg,4.54152e-15,7.53912e-15,2.9976e-15,2.498e-16,1.249e-16
2019-03-14,dp_nodeg,-28.7129,19.2871,48,4,2
2019-03-14,greedy,-8.2865,15.7135,24,2,1
2019-03-15,dp_deg,11.3201,35.3201,24,2,1
2019-03-15,dp_nodeg,-19.8904,40.1096,60,5,2.5
2019-03-15,greedy,-3.62896,26.371,30,2.5,1.25
2019-03-16,dp_deg,7.9914,31.9914,24,2,1
2019-03-16,dp_nodeg,-25.02,34.98,60,5,2.5
2019-03-16,greedy,4.20614,28.2061,24,2,1
2019-03-17,dp_deg,15.9058,27.9058,12,1,0.5
2019-03-17,dp_nodeg,-29.2665,54.7335,84,7,3.5
2019-03-17,greedy,5.15277,23.1528,18,1.5,0.75
2019-03-18,dp_deg,7.20955,19.2095,12,1,0.5
2019-03-18,dp_nodeg,-22.5153,37.4847,60,5,2.5
2019-03-18,greedy,8.78583,38.7858,30,2.5,1.25
2019-03-19,dp_deg,7.50468e-15,1.05023e-14,2.9976e-15,2.498e-16,1.249e-16
2019-03-19,dp_nodeg,-33.0851,14.9149,48,4,2
2019-03-19,greedy,-18.2315,5.76851,24,2,1
2019-03-20,dp_deg,6.6157e-15,9.6133e-15,2.9976e-15,2.498e-16,1.249e-16
2019-03-20,dp_nodeg,-36.8996,11.1004,48,4,2
2019-03-20,greedy,-15.1892,26.8108,42,3.5,1.75
2019-03-21,dp_deg,6.22034e-15,9.21794e-15,2.9976e-15,2.498e-16,1.249e-16
2019-03-21,dp_nodeg,-34.4436,13.5564,48,4,2
2019-03-21,greedy,-9.39525,32.6047,42,3.5,1.75
2019-03-22,dp_deg,6.40084e-15,9.39844e-15,2.9976e-15,2.498e-16,1.249e-16
2019-03-22,dp_nodeg,-33.0039,14.9961,48,4,2
2019-03-22,greedy,-8.76044,33.2396,42,3.5,1.75
2019-03-23,dp_deg,5.25135e-15,8.24895e-15,2.9976e-15,2.498e-16,1.249e-16
2019-03-23,dp_nodeg,-16.0198,7.98016,24,2,1
2019-03-23,greedy,-17.3905,24.6095,42,3.5,1.75
2019-03-24,dp_deg,4.75445e-15,7.75205e-15,2.9976e-15,2.498e-16,1.249e-16
2019-03-24,dp_nodeg,-21.8452,14.1548,36,3,1.5
2019-03-24,greedy,-30.0351,5.96488,36,3,1.5
2019-03-25,dp_deg,4.48158e-15,7.47918e-15,2.9976e-15,2.498e-16,1.249e-16
2019-03-25,dp_nodeg,-21.136,14.864,36,3,1.5
2019-03-25,greedy,-3.6599,26.3401,30,2.5,1.25
2019-03-26,dp_deg,5.45742e-15,8.45503e-15,2.9976e-15,2.498e-16,1.249e-16
2019-03-26,dp_nodeg,-34.5804,13.4196,48,4,2
2019-03-26,greedy,-9.86745,32.1325,42,3.5,1.75
2019-03-27,dp_deg,6.3132e-15,9.3108e-15,2.9976e-15,2.498e-16,1.249e-16
2019-03-27,dp_nodeg,-29.4346,6.5654,36,3,1.5
2019-03-27,greedy,-22.8416,1.15845,24,2,1
2019-03-28,dp_deg,6.80691e-15,9.80451e-15,2.9976e-15,2.498e-16,1.249e-16
2019-03-28,dp_nodeg,-15.5977,8.40233,24,2,1
2019-03-28,greedy,-17.4431,6.55688,24,2,1
2019-03-29,dp_deg,6.23443e-15,9.23204e-15,2.9976e-15,2.498e-16,1.249e-16
2019-03-29,dp_nodeg,-32.3913,15.6087,48,4,2
2019-03-29,greedy,-9.17333,32.8267,42,3.5,1.75
2019-03-30,dp_deg,5.12017e-15,8.11778e-15,2.9976e-15,2.498e-16,1.249e-16
2019-03-30,dp_nodeg,-24.0099,11.9901,36,3,1.5
2019-03-30,greedy,-7.23747,22.7625,30,2.5,1.25
2019-04-01,dp_deg,5.78831e-15,8.78591e-15,2.9976e-15,2.498e-16,1.249e-16
2019-04-01,dp_nodeg,-20.5802,27.4198,48,4,2
2019-04-01,greedy,-38.939,3.06105,42,3.5,1.75
2019-04-02,dp_deg,4.87114e-15,7.86875e-15,2.9976e-15,2.498e-16,1.249e-16
2019-04-02,dp_nodeg,-29.3083,18.6917,48,4,2
2019-04-02,greedy,-9.9645,32.0355,42,3.5,1.75
2019-04-03,dp_deg,6.82274e-15,9.82034e-15,2.9976e-15,2.498e-16,1.249e-16
2019-04-03,dp_nodeg,-31.0713,16.9287,48,4,2
2019-04-03,greedy,-39.2218,-9.22175,30,2.5,1.25
2019-04-04,dp_deg,6.73336e-15,9.73096e-15,2.9976e-15,2.498e-16,1.249e-16
2019-04-04,dp_nodeg,-27.0967,20.9033,48,4,2
2019-04-04,greedy,-35.2137,-5.21371,30,2.5,1.25
2019-04-05,dp_deg,6.85817e-15,9.85577e-15,2.9976e-15,2.498e-16,1.249e-16
2019-04-05,dp_nodeg,-33.7106,14.2894,48,4,2
2019-04-05,greedy,-13.5234,28.4766,42,3.5,1.75
2019-04-06,dp_deg,5.82807e-15,8.82568e-15,2.9976e-15,2.498e-16,1.249e-16
2019-04-06,dp_nodeg,-27.0268,8.9732,36,3,1.5
2019-04-06,greedy,-33.6928,2.30719,36,3,1.5
2019-04-07,dp_deg,5.82778e-15,8.82539e-15,2.9976e-15,2.498e-16,1.249e-16
2019-04-07,dp_nodeg,-24.1408,11.8592,36,3,1.5
2019-04-07,greedy,-7.18765,22.8123,30,2.5,1.25
2019-04-08,dp_deg,7.2488e-15,1.02464e-14,2.9976e-15,2.498e-16,1.249e-16
2019-04-08,dp_nodeg,-17.8626,18.1374,36,3,1.5
2019-04-08,greedy,-47.1407,-5.14071,42,3.5,1.75
2019-04-09,dp_deg,6.75691e-15,9.75452e-15,2.9976e-15,2.498e-16,1.249e-16
2019-04-09,dp_nodeg,-34.3424,13.6576,48,4,2
2019-04-09,greedy,-11.8835,30.1165,42,3.5,1.75
2019-04-10,dp_deg,6.9211e-15,9.9187e-15,2.9976e-15,2.498e-16,1.249e-16
2019-04-10,dp_nodeg,-32.5297,15.4703,48,4,2
2019-04-10,greedy,-38.6168,9.38318,48,4,2
2019-04-11,dp_deg,7.38711e-15,1.03847e-14,2.9976e-15,2.498e-16,1.249e-16
2019-04-11,dp_nodeg,-27.7981,20.2019,48,4,2
2019-04-11,greedy,-0.749112,41.2509,42,3.5,1.75
2019-04-12,dp_deg,7.4542e-15,1.04518e-14,2.9976e-15,2.498e-16,1.249e-16
2019-04-12,dp_nodeg,-21.1291,14.8709,36,3,1.5
2019-04-12,greedy,-10.6505,31.3495,42,3.5,1.75
2019-04-13,dp_deg,6.51763e-15,9.51524e-15,2.9976e-15,2.498e-16,1.249e-16
2019-04-13,dp_nodeg,-40.5139,7.48607,48,4,2
2019-04-13,greedy,-58.1296,-16.1296,42,3.5,1.75
2019-04-14,dp_deg,5.6219e-15,8.6195e-15,2.9976e-15,2.498e-16,1.249e-16
2019-04-14,dp_nodeg,-25.73,10.27,36,3,1.5
2019-04-14,greedy,-20.6688,21.3312,42,3.5,1.75
2019-04-15,dp_deg,6.70749e-15,9.7051e-15,2.9976e-15,2.498e-16,1.249e-16
2019-04-15,dp_nodeg,-19.9628,28.0372,48,4,2
2019-04-15,greedy,-25.3701,22.6299,48,4,2
2019-04-16,dp_deg,6.60759e-15,9.6052e-15,2.9976e-15,2.498e-16,1.249e-16
2019-04-16,dp_nodeg,-25.1101,22.8899,48,4,2
2019-04-16,greedy,-27.6274,20.3726,48,4,2
2019-04-17,dp_deg,6.49862e-15,9.49622e-15,2.9976e-15,2.498e-16,1.249e-16
2019-04-17,dp_nodeg,-30.3228,17.6772,48,4,2
2019-04-17,greedy,-6.72585,35.2741,42,3.5,1.75
2019-04-18,dp_deg,6.44389e-15,9.44149e-15,2.9976e-15,2.498e-16,1.249e-16
2019-04-18,dp_nodeg,-22.1559,25.8441,48,4,2
2019-04-18,greedy,-27.0663,20.9337,48,4,2
2019-04-19,dp_deg,11.1703,35.1703,24,2,1
2019-04-19,dp_nodeg,-7.59894,40.4011,48,4,2
2019-04-19,greedy,4.09409,46.0941,42,3.5,1.75
2019-04-20,dp_deg,5.02809e-15,8.02569e-15,2.9976e-15,2.498e-16,1.249e-16
2019-04-20,dp_nodeg,-29.5612,18.4388,48,4,2
2019-04-20,greedy,-0.998483,29.0015,30,2.5,1.25
2019-04-21,dp_deg,6.05541,18.0554,12,1,0.5
2019-04-21,dp_nodeg,-0.896443,35.1036,36,3,1.5
2019-04-21,greedy,-24.7209,11.2791,36,3,1.5
2019-04-22,dp_deg,85.8091,121.809,36,3,1.5
2019-04-22,dp_nodeg,43.6616,133.662,90,7.5,3.75
2019-04-22,greedy,56.8497,86.8497,30,2.5,1.25
2019-04-23,dp_deg,35.6309,71.6309,36,3,1.5
2019-04-23,dp_nodeg,19.0055,79.0055,60,5,2.5
2019-04-23,greedy,40.8918,82.8918,42,3.5,1.75
2019-04-24,dp_deg,5.07153e-15,8.06913e-15,2.9976e-15,2.498e-16,1.249e-16
2019-04-24,dp_nodeg,-22.7237,25.2763,48,4,2
2019-04-24,greedy,-18.825,17.175,36,3,1.5
2019-04-25,dp_deg,1.70231,13.7023,12,1,0.5
2019-04-25,dp_nodeg,-15.0295,32.9705,48,4,2
2019-04-25,greedy,4.23136,46.2314,42,3.5,1.75
2019-04-26,dp_deg,7.04088e-15,1.00385e-14,2.9976e-15,2.498e-16,1.249e-16
2019-04-26,dp_nodeg,-30.1688,17.8312,48,4,2
2019-04-26,greedy,-35.1152,-5.11516,30,2.5,1.25
2019-04-27,dp_deg,4.40494e-15,7.40254e-15,2.9976e-15,2.498e-16,1.249e-16
2019-04-27,dp_nodeg,-37.3364,10.6636,48,4,2
2019-04-27,greedy,-15.7965,26.2035,42,3.5,1.75
2019-04-28,dp_deg,5.20212e-15,8.19972e-15,2.9976e-15,2.498e-16,1.249e-16
2019-04-28,dp_nodeg,-27.6999,8.3001,36,3,1.5
2019-04-28,greedy,6.67753,24.6775,18,1.5,0.75
2019-04-29,dp_deg,6.95537e-15,9.95297e-15,2.9976e-15,2.498e-16,1.249e-16
2019-04-29,dp_nodeg,-32.7588,15.2412,48,4,2
2019-04-29,greedy,-42.4022,-12.4022,30,2.5,1.25
2019-04-30,dp_deg,6.97177e-15,9.96938e-15,2.9976e-15,2.498e-16,1.249e-16
2019-04-30,dp_nodeg,-23.5338,24.4662,48,4,2
2019-04-30,greedy,2.07557,44.0756,42,3.5,1.75
2019-05-01,dp_deg,12.4405,36.4405,24,2,1
2019-05-01,dp_nodeg,0.599414,36.5994,36,3,1.5
2019-05-01,greedy,-6.62423,23.3758,30,2.5,1.25
2019-05-02,dp_deg,5.81215e-15,8.80975e-15,2.9976e-15,2.498e-16,1.249e-16
2019-05-02,dp_nodeg,-27.1216,20.8784,48,4,2
2019-05-02,greedy,-4.87878,37.1212,42,3.5,1.75
2019-05-03,dp_deg,6.49177e-15,9.48937e-15,2.9976e-15,2.498e-16,1.249e-16
2019-05-03,dp_nodeg,-25.3393,10.6607,36,3,1.5
2019-05-03,greedy,-12.2561,29.7439,42,3.5,1.75
2019-05-04,dp_deg,6.11214e-15,9.10974e-15,2.9976e-15,2.498e-16,1.249e-16
2019-05-04,dp_nodeg,-36.8386,11.1614,48,4,2
2019-05-04,greedy,-14.1064,27.8936,42,3.5,1.75
2019-05-05,dp_deg,4.09114e-15,7.08874e-15,2.9976e-15,2.498e-16,1.249e-16
2019-05-05,dp_nodeg,-6.68227,17.3177,24,2,1
2019-05-05,greedy,-0.184624,17.8154,18,1.5,0.75
2019-05-06,dp_deg,7.30439e-15,1.0302e-14,2.9976e-15,2.498e-16,1.249e-16
2019-05-06,dp_nodeg,-34.3457,13.6543,48,4,2
2019-05-06,greedy,-11.5202,30.4798,42,3.5,1.75
2019-05-07,dp_deg,8.7117e-15,1.17093e-14,2.9976e-15,2.498e-16,1.249e-16
2019-05-07,dp_nodeg,-24.5423,23.4577,48,4,2
2019-05-07,greedy,-42.6533,-12.6533,30,2.5,1.25
2019-05-08,dp_deg,6.04757e-15,9.04517e-15,2.9976e-15,2.498e-16,1.249e-16
2019-05-08,dp_nodeg,-14.8258,9.1742,24,2,1
2019-05-08,greedy,-42.7878,-12.7878,30,2.5,1.25
2019-05-09,dp_deg,7.54522e-15,1.05428e-14,2.9976e-15,2.498e-16,1.249e-16
2019-05-09,dp_nodeg,-21.8917,14.1083,36,3,1.5
2019-05-09,greedy,-43.058,-13.058,30,2.5,1.25
2019-05-10,dp_deg,7.41732e-15,1.04149e-14,2.9976e-15,2.498e-16,1.249e-16
2019-05-10,dp_nodeg,-32.4695,15.5305,48,4,2
2019-05-10,greedy,-3.60043,38.3996,42,3.5,1.75
2019-05-11,dp_deg,5.63445e-15,8.63205e-15,2.9976e-15,2.498e-16,1.249e-16
2019-05-11,dp_nodeg,-20.1644,3.83561,24,2,1
2019-05-11,greedy,-49.3754,-19.3754,30,2.5,1.25
2019-05-12,dp_deg,29.6429,53.6429,24,2,1
2019-05-12,dp_nodeg,7.12142,55.1214,48,4,2
2019-05-12,greedy,8.84691,26.8469,18,1.5,0.75
2019-05-13,dp_deg,6.11687e-15,9.11447e-15,2.9976e-15,2.498e-16,1.249e-16
2019-05-13,dp_nodeg,-23.5436,24.4564,48,4,2
2019-05-13,greedy,2.92842,44.9284,42,3.5,1.75
2019-05-14,dp_deg,6.48964e-15,9.48724e-15,2.9976e-15,2.498e-16,1.249e-16
2019-05-14,dp_nodeg,-27.4007,20.5993,48,4,2
2019-05-14,greedy,-5.31906,36.6809,42,3.5,1.75
2019-05-15,dp_deg,6.44061e-15,9.43821e-15,2.9976e-15,2.498e-16,1.249e-16
2019-05-15,dp_nodeg,-31.7831,16.2169,48,4,2
2019-05-15,greedy,-36.3559,11.6441,48,4,2
2019-05-16,dp_deg,6.21706e-15,9.21466e-15,2.9976e-15,2.498e-16,1.249e-16
2019-05-16,dp_nodeg,-27.2997,8.70027,36,3,1.5
2019-05-16,greedy,-31.6702,4.32981,36,3,1.5
2019-05-17,dp_deg,6.96869e-15,9.96629e-15,2.9976e-15,2.498e-16,1.249e-16
2019-05-17,dp_nodeg,-32.5944,15.4056,48,4,2
2019-05-17,greedy,-26.8591,9.14088,36,3,1.5
2019-05-18,dp_deg,5.63966e-15,8.63726e-15,2.9976e-15,2.498e-16,1.249e-16
2019-05-18,dp_nodeg,-20.2433,3.75668,24,2,1
2019-05-18,greedy,4.86389,22.8639,18,1.5,0.75
2019-05-19,dp_deg,5.17143e-15,8.16903e-15,2.9976e-15,2.498e-16,1.249e-16
2019-05-19,dp_nodeg,-16.807,7.19299,24,2,1
2019-05-19,greedy,1.00639,19.0064,18,1.5,0.75
2019-05-20,dp_deg,7.70564e-15,1.07032e-14,2.9976e-15,2.498e-16,1.249e-16
2019-05-20,dp_nodeg,-3.64797,20.352,24,2,1
2019-05-20,greedy,-30.616,-0.616049,30,2.5,1.25
2019-05-21,dp_deg,7.00565e-15,1.00033e-14,2.9976e-15,2.498e-16,1.249e-16
2019-05-21,dp_nodeg,-6.37225,17.6277,24,2,1
2019-05-21,greedy,-35.8427,-5.8427,30,2.5,1.25
2019-05-22,dp_deg,6.3186e-15,9.31621e-15,2.9976e-15,2.498e-16,1.249e-16
2019-05-22,dp_nodeg,-30.6564,17.3436,48,4,2
2019-05-22,greedy,-25.1136,10.8864,36,3,1.5
2019-05-23,dp_deg,6.46377e-15,9.46138e-15,2.9976e-15,2.498e-16,1.249e-16
2019-05-23,dp_nodeg,-31.6442,16.3558,48,4,2
2019-05-23,greedy,-8.02534,33.9747,42,3.5,1.75
2019-05-24,dp_deg,6.39553e-15,9.39313e-15,2.9976e-15,2.498e-16,1.249e-16
2019-05-24,dp_nodeg,-24.5572,11.4428,36,3,1.5
2019-05-24,greedy,-10.1493,31.8507,42,3.5,1.75
2019-05-25,dp_deg,5.44468e-15,8.44229e-15,2.9976e-15,2.498e-16,1.249e-16
2019-05-25,dp_nodeg,-30.637,5.36296,36,3,1.5
2019-05-25,greedy,-20.503,21.497,42,3.5,1.75
2019-05-26,dp_deg,19.5979,43.5979,24,2,1
2019-05-26,dp_nodeg,-5.41117,54.5888,60,5,2.5
2019-05-26,greedy,-0.197825,29.8022,30,2.5,1.25
2019-05-27,dp_deg,4.87982,16.8798,12,1,0.5
2019-05-27,dp_nodeg,-24.059,23.941,48,4,2
2019-05-27,greedy,-18.4832,17.5168,36,3,1.5
2019-05-28,dp_deg,0.0812604,12.0813,12,1,0.5
2019-05-28,dp_nodeg,-2.49038,21.5096,24,2,1
2019-05-28,greedy,-35.762,-5.76204,30,2.5,1.25
2019-05-29,dp_deg,6.65325e-15,9.65085e-15,2.9976e-15,2.498e-16,1.249e-16
2019-05-29,dp_nodeg,-27.8627,20.1373,48,4,2
2019-05-29,greedy,-37.4576,-7.45761,30,2.5,1.25
2019-05-30,dp_deg,7.80797,31.808,24,2,1
2019-05-30,dp_nodeg,-22.8858,37.1142,60,5,2.5
2019-05-30,greedy,10.1438,28.1438,18,1.5,0.75
2019-05-31,dp_deg,5.31235e-15,8.30995e-15,2.9976e-15,2.498e-16,1.249e-16
2019-05-31,dp_nodeg,-30.3645,17.6355,48,4,2
2019-05-31,greedy,-10.8703,31.1297,42,3.5,1.75
2019-06-01,dp_deg,3.89433e-15,6.89193e-15,2.9976e-15,2.498e-16,1.249e-16
2019-06-01,dp_nodeg,-31.3416,16.6584,48,4,2
2019-06-01,greedy,-6.10329,23.8967,30,2.5,1.25
2019-06-02,dp_deg,12.3,36.3,24,2,1
2019-06-02,dp_nodeg,3.32068,39.3207,36,3,1.5
2019-06-02,greedy,2.57283,32.5728,30,2.5,1.25
2019-06-03,dp_deg,0.826708,12.8267,12,1,0.5
2019-06-03,dp_nodeg,-39.5476,20.4524,60,5,2.5
2019-06-03,greedy,-23.5455,12.4545,36,3,1.5
2019-06-04,dp_deg,5.96504e-15,8.96264e-15,2.9976e-15,2.498e-16,1.249e-16
2019-06-04,dp_nodeg,-25.8473,22.1527,48,4,2
2019-06-04,greedy,-37.8953,-7.8953,30,2.5,1.25
2019-06-05,dp_deg,0.976165,12.9762,12,1,0.5
2019-06-05,dp_nodeg,-25.0749,22.9251,48,4,2
2019-06-05,greedy,-35.2191,-5.21911,30,2.5,1.25
2019-06-06,dp_deg,2.4428,14.4428,12,1,0.5
2019-06-06,dp_nodeg,-25.4275,22.5725,48,4,2
2019-06-06,greedy,2.41442,32.4144,30,2.5,1.25
2019-06-07,dp_deg,23.979,47.979,24,2,1
2019-06-07,dp_nodeg,8.78603,56.786,48,4,2
2019-06-07,greedy,-37.2934,4.70658,42,3.5,1.75
2019-06-08,dp_deg,73.7933,97.7933,24,2,1
2019-06-08,dp_nodeg,-1.85885,118.141,120,10,5
2019-06-08,greedy,52.7357,82.7357,30,2.5,1.25
2019-06-09,dp_deg,8.58301,20.583,12,1,0.5
2019-06-09,dp_nodeg,-30.4609,29.5391,60,5,2.5
2019-06-09,greedy,18.7219,36.7219,18,1.5,0.75
2019-06-10,dp_deg,4.23776e-15,7.23536e-15,2.9976e-15,2.498e-16,1.249e-16
2019-06-10,dp_nodeg,-27.7464,8.25363,36,3,1.5
2019-06-10,greedy,-8.17076,21.8292,30,2.5,1.25
2019-06-11,dp_deg,1.81327,13.8133,12,1,0.5
2019-06-11,dp_nodeg,-14.2373,21.7627,36,3,1.5
2019-06-11,greedy,-39.1826,-9.18261,30,2.5,1.25
2019-06-12,dp_deg,0.974763,12.9748,12,1,0.5
2019-06-12,dp_nodeg,-16.2292,31.7708,48,4,2
2019-06-12,greedy,-16.9856,31.0144,48,4,2
2019-06-13,dp_deg,8.70928,20.7093,12,1,0.5
2019-06-13,dp_nodeg,-3.41848,44.5815,48,4,2
2019-06-13,greedy,7.84775,49.8477,42,3.5,1.75
2019-06-14,dp_deg,2.76953,14.7695,12,1,0.5
2019-06-14,dp_nodeg,-7.40916,40.5908,48,4,2
2019-06-14,greedy,15.4033,57.4033,42,3.5,1.75
2019-06-15,dp_deg,4.05533e-15,7.05293e-15,2.9976e-15,2.498e-16,1.249e-16
2019-06-15,dp_nodeg,-48.0043,11.9957,60,5,2.5
2019-06-15,greedy,-7.51697,22.483,30,2.5,1.25
2019-06-16,dp_deg,4.24625e-15,7.24386e-15,2.9976e-15,2.498e-16,1.249e-16
2019-06-16,dp_nodeg,-31.6987,16.3013,48,4,2
2019-06-16,greedy,6.81469,24.8147,18,1.5,0.75
2019-06-17,dp_deg,7.06835,31.0683,24,2,1
2019-06-17,dp_nodeg,-7.14302,40.857,48,4,2
2019-06-17,greedy,-17.0274,18.9726,36,3,1.5
2019-06-18,dp_deg,3.20125,27.2012,24,2,1
2019-06-18,dp_nodeg,-12.6458,35.3542,48,4,2
2019-06-18,greedy,-22.3549,13.6451,36,3,1.5
2019-06-19,dp_deg,6.51426e-15,9.51186e-15,2.9976e-15,2.498e-16,1.249e-16
2019-06-19,dp_nodeg,-19.9276,28.0724,48,4,2
2019-06-19,greedy,-13.7764,22.2236,36,3,1.5
2019-06-20,dp_deg,5.46621e-15,8.46381e-15,2.9976e-15,2.498e-16,1.249e-16
2019-06-20,dp_nodeg,-22.0894,13.9106,36,3,1.5
2019-06-20,greedy,-6.63091,23.3691,30,2.5,1.25
2019-06-21,dp_deg,5.97682e-15,8.97442e-15,2.9976e-15,2.498e-16,1.249e-16
2019-06-21,dp_nodeg,-30.4752,17.5248,48,4,2
2019-06-21,greedy,-8.01898,33.981,42,3.5,1.75
2019-06-22,dp_deg,4.25764e-15,7.25525e-15,2.9976e-15,2.498e-16,1.249e-16
2019-06-22,dp_nodeg,-31.7404,4.25961,36,3,1.5
2019-06-22,greedy,-56.6557,-14.6557,42,3.5,1.75
2019-06-23,dp_deg,10.4443,34.4443,24,2,1
2019-06-23,dp_nodeg,-11.3254,36.6746,48,4,2
2019-06-23,greedy,1.58222,19.5822,18,1.5,0.75
2019-06-24,dp_deg,2.34758,14.3476,12,1,0.5
2019-06-24,dp_nodeg,-13.9317,34.0683,48,4,2
2019-06-24,greedy,-32.5514,-2.55143,30,2.5,1.25
2019-06-25,dp_deg,12.1161,36.1161,24,2,1
2019-06-25,dp_nodeg,-5.22123,42.7788,48,4,2
2019-06-25,greedy,12.1302,42.1302,30,2.5,1.25
2019-06-26,dp_deg,0.761362,12.7614,12,1,0.5
2019-06-26,dp_nodeg,-11.9558,36.0442,48,4,2
2019-06-26,greedy,-46.5077,7.49233,54,4.5,2.25
2019-06-27,dp_deg,5.25328e-15,8.25088e-15,2.9976e-15,2.498e-16,1.249e-16
2019-06-27,dp_nodeg,-22.8869,25.1131,48,4,2
2019-06-27,greedy,-5.53419,36.4658,42,3.5,1.75
2019-06-28,dp_deg,1.76798,13.768,12,1,0.5
2019-06-28,dp_nodeg,-1.82719,46.1728,48,4,2
2019-06-28,greedy,11.9611,53.9611,42,3.5,1.75
2019-06-29,dp_deg,0.561332,12.5613,12,1,0.5
2019-06-29,dp_nodeg,-14.4253,21.5747,36,3,1.5
2019-06-29,greedy,-2.69814,27.3019,30,2.5,1.25
2019-06-30,dp_deg,45.8419,69.8419,24,2,1
2019-06-30,dp_nodeg,16.8261,76.8261,60,5,2.5
2019-06-30,greedy,6.87465,24.8746,18,1.5,0.75
2019-07-01,dp_deg,4.63756e-15,7.63516e-15,2.9976e-15,2.498e-16,1.249e-16
2019-07-01,dp_nodeg,-22.6783,25.3217,48,4,2
2019-07-01,greedy,-6.85536,35.1446,42,3.5,1.75
2019-07-02,dp_deg,4.74817e-15,7.74578e-15,2.9976e-15,2.498e-16,1.249e-16
2019-07-02,dp_nodeg,-30.5479,17.4521,48,4,2
2019-07-02,greedy,-5.69428,24.3057,30,2.5,1.25
2019-07-03,dp_deg,5.0224e-15,8.02e-15,2.9976e-15,2.498e-16,1.249e-16
2019-07-03,dp_nodeg,-25.027,22.973,48,4,2
2019-07-03,greedy,-23.6718,12.3282,36,3,1.5
2019-07-04,dp_deg,4.87336e-15,7.87097e-15,2.9976e-15,2.498e-16,1.249e-16
2019-07-04,dp_nodeg,-31.0717,16.9283,48,4,2
2019-07-04,greedy,-10.7988,31.2012,42,3.5,1.75
2019-07-05,dp_deg,5.24971e-15,8.24731e-15,2.9976e-15,2.498e-16,1.249e-16
2019-07-05,dp_nodeg,-31.2429,16.7571,48,4,2
2019-07-05,greedy,-8.3372,33.6628,42,3.5,1.75
2019-07-06,dp_deg,3.80235e-15,6.79995e-15,2.9976e-15,2.498e-16,1.249e-16
2019-07-06,dp_nodeg,-20.8086,3.19142,24,2,1
2019-07-06,greedy,-36.8389,-0.838939,36,3,1.5
2019-07-07,dp_deg,1.51533,13.5153,12,1,0.5
2019-07-07,dp_nodeg,-26.0334,21.9666,48,4,2
2019-07-07,greedy,-2.46335,15.5367,18,1.5,0.75
2019-07-08,dp_deg,5.23812e-15,8.23573e-15,2.9976e-15,2.498e-16,1.249e-16
2019-07-08,dp_nodeg,-41.9648,6.03518,48,4,2
2019-07-08,greedy,-30.7556,5.24445,36,3,1.5
2019-07-09,dp_deg,5.70539e-15,8.70299e-15,2.9976e-15,2.498e-16,1.249e-16
2019-07-09,dp_nodeg,-35.6086,12.3914,48,4,2
2019-07-09,greedy,-10.657,31.343,42,3.5,1.75
2019-07-10,dp_deg,6.61493e-15,9.61253e-15,2.9976e-15,2.498e-16,1.249e-16
2019-07-10,dp_nodeg,-31.2737,16.7263,48,4,2
2019-07-10,greedy,-25.4637,10.5363,36,3,1.5
2019-07-11,dp_deg,7.66172e-15,1.06593e-14,2.9976e-15,2.498e-16,1.249e-16
2019-07-11,dp_nodeg,-14.0757,9.92428,24,2,1
2019-07-11,greedy,-43.4733,-13.4733,30,2.5,1.25
2019-07-12,dp_deg,7.50381e-15,1.05014e-14,2.9976e-15,2.498e-16,1.249e-16
2019-07-12,dp_nodeg,-28.1664,19.8336,48,4,2
2019-07-12,greedy,-1.66181,40.3382,42,3.5,1.75
2019-07-13,dp_deg,5.57991e-15,8.57751e-15,2.9976e-15,2.498e-16,1.249e-16
2019-07-13,dp_nodeg,-22.5897,1.41034,24,2,1
2019-07-13,greedy,-50.9705,-2.97047,48,4,2
2019-07-14,dp_deg,5.27152e-15,8.26912e-15,2.9976e-15,2.498e-16,1.249e-16
2019-07-14,dp_nodeg,-9.00268,2.99732,12,1,0.5
2019-07-14,greedy,-0.00993495,17.9901,18,1.5,0.75
2019-07-15,dp_deg,6.61956e-15,9.61716e-15,2.9976e-15,2.498e-16,1.249e-16
2019-07-15,dp_nodeg,-38.7516,9.24839,48,4,2
2019-07-15,greedy,-30.3451,5.65486,36,3,1.5
2019-07-16,dp_deg,6.96926e-15,9.96687e-15,2.9976e-15,2.498e-16,1.249e-16
2019-07-16,dp_nodeg,-36.1581,11.8419,48,4,2
2019-07-16,greedy,-2.95338,27.0466,30,2.5,1.25
2019-07-17,dp_deg,7.63595e-15,1.06336e-14,2.9976e-15,2.498e-16,1.249e-16
2019-07-17,dp_nodeg,-32.631,15.369,48,4,2
2019-07-17,greedy,-26.1014,9.89862,36,3,1.5
2019-07-18,dp_deg,7.15469e-15,1.01523e-14,2.9976e-15,2.498e-16,1.249e-16
2019-07-18,dp_nodeg,-34.6773,13.3227,48,4,2
2019-07-18,greedy,-29.5452,6.45476,36,3,1.5
2019-07-19,dp_deg,7.41472e-15,1.04123e-14,2.9976e-15,2.498e-16,1.249e-16
2019-07-19,dp_nodeg,-31.9313,16.0687,48,4,2
2019-07-19,greedy,-6.58491,35.4151,42,3.5,1.75
2019-07-20,dp_deg,5.06525e-15,8.06285e-15,2.9976e-15,2.498e-16,1.249e-16
2019-07-20,dp_nodeg,-18.2359,5.76409,24,2,1
2019-07-20,greedy,-13.5195,16.4805,30,2.5,1.25
2019-07-21,dp_deg,4.35996,16.36,12,1,0.5
2019-07-21,dp_nodeg,-11.0268,24.9732,36,3,1.5
2019-07-21,greedy,2.30771,20.3077,18,1.5,0.75
2019-07-22,dp_deg,6.88722e-15,9.88482e-15,2.9976e-15,2.498e-16,1.249e-16
2019-07-22,dp_nodeg,-34.2652,13.7348,48,4,2
2019-07-22,greedy,-9.98197,32.018,42,3.5,1.75
2019-07-23,dp_deg,7.83295e-15,1.08306e-14,2.9976e-15,2.498e-16,1.249e-16
2019-07-23,dp_nodeg,-26.4476,21.5524,48,4,2
2019-07-23,greedy,4.38809,34.3881,30,2.5,1.25
2019-07-24,dp_deg,1.88433,13.8843,12,1,0.5
2019-07-24,dp_nodeg,-21.8316,26.1684,48,4,2
2019-07-24,greedy,10.0015,40.0015,30,2.5,1.25
2019-07-25,dp_deg,8.57077e-15,1.15684e-14,2.9976e-15,2.498e-16,1.249e-16
2019-07-25,dp_nodeg,-25.1005,22.8995,48,4,2
2019-07-25,greedy,-42.4706,-12.4706,30,2.5,1.25
2019-07-26,dp_deg,7.31511e-15,1.03127e-14,2.9976e-15,2.498e-16,1.249e-16
2019-07-26,dp_nodeg,-30.238,17.762,48,4,2
2019-07-26,greedy,-25.7761,10.2239,36,3,1.5
2019-07-27,dp_deg,5.30251e-15,8.30011e-15,2.9976e-15,2.498e-16,1.249e-16
2019-07-27,dp_nodeg,-33.7799,2.22006,36,3,1.5
2019-07-27,greedy,-72.5761,-18.5761,54,4.5,2.25
2019-07-28,dp_deg,4.48148e-15,7.47908e-15,2.9976e-15,2.498e-16,1.249e-16
2019-07-28,dp_nodeg,-6.57838,5.42162,12,1,0.5
2019-07-28,greedy,3.14816,21.1482,18,1.5,0.75
2019-07-29,dp_deg,7.57253e-15,1.05701e-14,2.9976e-15,2.498e-16,1.249e-16
2019-07-29,dp_nodeg,-15.8243,20.1757,36,3,1.5
2019-07-29,greedy,-12.5746,11.4254,24,2,1
2019-07-30,dp_deg,7.3098e-15,1.03074e-14,2.9976e-15,2.498e-16,1.249e-16
2019-07-30,dp_nodeg,-30.9681,17.0319,48,4,2
2019-07-30,greedy,-44.0168,-14.0168,30,2.5,1.25
2019-07-31,dp_deg,1.1432,13.1432,12,1,0.5
2019-07-31,dp_nodeg,-14.9328,33.0672,48,4,2
2019-07-31,greedy,-37.1908,-7.19083,30,2.5,1.25
2019-08-01,dp_deg,7.35825e-15,1.03559e-14,2.9976e-15,2.498e-16,1.249e-16
2019-08-01,dp_nodeg,-26.6457,21.3543,48,4,2
2019-08-01,greedy,-4.92612,37.0739,42,3.5,1.75
2019-08-02,dp_deg,7.11559e-15,1.01132e-14,2.9976e-15,2.498e-16,1.249e-16
2019-08-02,dp_nodeg,-40.7383,7.26167,48,4,2
2019-08-02,greedy,-43.0967,4.90326,48,4,2
2019-08-03,dp_deg,5.41447e-15,8.41207e-15,2.9976e-15,2.498e-16,1.249e-16
2019-08-03,dp_nodeg,-19.307,4.69299,24,2,1
2019-08-03,greedy,-11.3533,18.6467,30,2.5,1.25
2019-08-04,dp_deg,5.15289e-15,8.1505e-15,2.9976e-15,2.498e-16,1.249e-16
2019-08-04,dp_nodeg,-26.9428,9.0572,36,3,1.5
2019-08-04,greedy,4.33066,22.3307,18,1.5,0.75
2019-08-05,dp_deg,7.72465e-15,1.07223e-14,2.9976e-15,2.498e-16,1.249e-16
2019-08-05,dp_nodeg,-33.0859,14.9141,48,4,2
2019-08-05,greedy,-39.72,-9.72005,30,2.5,1.25
2019-08-06,dp_deg,6.7323e-15,9.7299e-15,2.9976e-15,2.498e-16,1.249e-16
2019-08-06,dp_nodeg,-12.5807,11.4193,24,2,1
2019-08-06,greedy,-32.873,3.12704,36,3,1.5
2019-08-07,dp_deg,6.42835e-15,9.42595e-15,2.9976e-15,2.498e-16,1.249e-16
2019-08-07,dp_nodeg,-18.724,5.27604,24,2,1
2019-08-07,greedy,-45.3347,-15.3347,30,2.5,1.25
2019-08-08,dp_deg,5.06602e-15,8.06363e-15,2.9976e-15,2.498e-16,1.249e-16
2019-08-08,dp_nodeg,-33.8651,14.1349,48,4,2
2019-08-08,greedy,-11.9018,30.0982,42,3.5,1.75
2019-08-09,dp_deg,5.95133e-15,8.94894e-15,2.9976e-15,2.498e-16,1.249e-16
2019-08-09,dp_nodeg,-31.8538,16.1462,48,4,2
2019-08-09,greedy,-38.5103,-8.51027,30,2.5,1.25
2019-08-10,dp_deg,55.2894,79.2894,24,2,1
2019-08-10,dp_nodeg,23.0676,83.0676,60,5,2.5
2019-08-10,greedy,11.4663,41.4663,30,2.5,1.25
2019-08-11,dp_deg,43.8642,67.8642,24,2,1
2019-08-11,dp_nodeg,27.2023,75.2023,48,4,2
2019-08-11,greedy,13.485,31.485,18,1.5,0.75
2019-08-12,dp_deg,8.20749,32.2075,24,2,1
2019-08-12,dp_nodeg,-1.95622,34.0438,36,3,1.5
2019-08-12,greedy,-19.2665,16.7335,36,3,1.5
2019-08-13,dp_deg,5.7885e-15,8.7861e-15,2.9976e-15,2.498e-16,1.249e-16
2019-08-13,dp_nodeg,-22.0665,25.9335,48,4,2
2019-08-13,greedy,-27.8153,20.1847,48,4,2
2019-08-14,dp_deg,6.76178,30.7618,24,2,1
2019-08-14,dp_nodeg,-5.96236,42.0376,48,4,2
2019-08-14,greedy,-17.2979,18.7021,36,3,1.5
2019-08-15,dp_deg,4.07522e-15,7.07282e-15,2.9976e-15,2.498e-16,1.249e-16
2019-08-15,dp_nodeg,-37.6754,10.3246,48,4,2
2019-08-15,greedy,-7.67517,22.3248,30,2.5,1.25
2019-08-16,dp_deg,1.02221,13.0222,12,1,0.5
2019-08-16,dp_nodeg,-17.7757,30.2243,48,4,2
2019-08-16,greedy,-19.8999,16.1001,36,3,1.5
2019-08-17,dp_deg,3.11742e-15,6.11502e-15,2.9976e-15,2.498e-16,1.249e-16
2019-08-17,dp_nodeg,-41.5331,18.4669,60,5,2.5
2019-08-17,greedy,1.49271,19.4927,18,1.5,0.75
2019-08-18,dp_deg,0.543216,12.5432,12,1,0.5
2019-08-18,dp_nodeg,-12.0641,23.9359,36,3,1.5
2019-08-18,greedy,-13.6532,16.3468,30,2.5,1.25
2019-08-19,dp_deg,5.00502e-15,8.00262e-15,2.9976e-15,2.498e-16,1.249e-16
2019-08-19,dp_nodeg,-22.862,25.138,48,4,2
2019-08-19,greedy,-8.78007,33.2199,42,3.5,1.75
2019-08-20,dp_deg,6.23888e-15,9.23648e-15,2.9976e-15,2.498e-16,1.249e-16
2019-08-20,dp_nodeg,-27.9151,20.0849,48,4,2
2019-08-20,greedy,-39.5801,-9.58008,30,2.5,1.25
2019-08-21,dp_deg,4.13228,28.1323,24,2,1
2019-08-21,dp_nodeg,-3.11342,44.8866,48,4,2
2019-08-21,greedy,11.0559,53.0559,42,3.5,1.75
2019-08-22,dp_deg,5.38494e-15,8.38254e-15,2.9976e-15,2.498e-16,1.249e-16
2019-08-22,dp_nodeg,-25.4541,22.5459,48,4,2
2019-08-22,greedy,-30.2108,17.7892,48,4,2
2019-08-23,dp_deg,5.68522e-15,8.68282e-15,2.9976e-15,2.498e-16,1.249e-16
2019-08-23,dp_nodeg,-22.226,25.774,48,4,2
2019-08-23,greedy,-10.9663,31.0337,42,3.5,1.75
2019-08-24,dp_deg,4.43447e-15,7.43208e-15,2.9976e-15,2.498e-16,1.249e-16
2019-08-24,dp_nodeg,-37.8962,10.1038,48,4,2
2019-08-24,greedy,-27.3655,8.63449,36,3,1.5
2019-08-25,dp_deg,4.14365e-15,7.14125e-15,2.9976e-15,2.498e-16,1.249e-16
2019-08-25,dp_nodeg,-11.9965,12.0035,24,2,1
2019-08-25,greedy,9.15714,27.1571,18,1.5,0.75
2019-08-26,dp_deg,2.85677,14.8568,12,1,0.5
2019-08-26,dp_nodeg,-7.68995,40.31,48,4,2
2019-08-26,greedy,-9.58431,26.4157,36,3,1.5
2019-08-27,dp_deg,7.75255e-15,1.07502e-14,2.9976e-15,2.498e-16,1.249e-16
2019-08-27,dp_nodeg,-28.4185,19.5815,48,4,2
2019-08-27,greedy,-38.542,-8.54197,30,2.5,1.25
2019-08-28,dp_deg,6.8819,30.8819,24,2,1
2019-08-28,dp_nodeg,-3.88798,44.112,48,4,2
2019-08-28,greedy,-32.5566,-2.55661,30,2.5,1.25
2019-08-29,dp_deg,7.25893e-15,1.02565e-14,2.9976e-15,2.498e-16,1.249e-16
2019-08-29,dp_nodeg,-16.0457,31.9543,48,4,2
2019-08-29,greedy,-13.1935,22.8065,36,3,1.5
2019-08-30,dp_deg,6.60962e-15,9.60722e-15,2.9976e-15,2.498e-16,1.249e-16
2019-08-30,dp_nodeg,-26.9389,21.0611,48,4,2
2019-08-30,greedy,-3.19454,38.8055,42,3.5,1.75
2019-08-31,dp_deg,4.70146e-15,7.69906e-15,2.9976e-15,2.498e-16,1.249e-16
2019-08-31,dp_nodeg,-21.626,14.374,36,3,1.5
2019-08-31,greedy,-26.4381,9.56186,36,3,1.5
2019-09-01,dp_deg,3.99674e-15,6.99434e-15,2.9976e-15,2.498e-16,1.249e-16
2019-09-01,dp_nodeg,-17.0557,6.94432,24,2,1
2019-09-01,greedy,-2.21932,15.7807,18,1.5,0.75
2019-09-02,dp_deg,3.11611,15.1161,12,1,0.5
2019-09-02,dp_nodeg,-19.3805,28.6195,48,4,2
2019-09-02,greedy,-36.3889,-6.38888,30,2.5,1.25
2019-09-03,dp_deg,5.19836e-15,8.19596e-15,2.9976e-15,2.498e-16,1.249e-16
2019-09-03,dp_nodeg,-24.4957,23.5043,48,4,2
2019-09-03,greedy,-7.68761,34.3124,42,3.5,1.75
2019-09-04,dp_deg,4.84788e-15,7.84548e-15,2.9976e-15,2.498e-16,1.249e-16
2019-09-04,dp_nodeg,-31.0245,16.9755,48,4,2
2019-09-04,greedy,-34.0919,13.9081,48,4,2
2019-09-05,dp_deg,4.33313e-15,7.33073e-15,2.9976e-15,2.498e-16,1.249e-16
2019-09-05,dp_nodeg,-29.4534,18.5466,48,4,2
2019-09-05,greedy,-22.8403,13.1597,36,3,1.5
2019-09-06,dp_deg,4.57443e-15,7.57203e-15,2.9976e-15,2.498e-16,1.249e-16
2019-09-06,dp_nodeg,-35.9829,12.0171,48,4,2
2019-09-06,greedy,-14.6061,27.3939,42,3.5,1.75
2019-09-07,dp_deg,5.35144e-15,8.34904e-15,2.9976e-15,2.498e-16,1.249e-16
2019-09-07,dp_nodeg,-37.3428,10.6572,48,4,2
2019-09-07,greedy,-9.03203,20.968,30,2.5,1.25
2019-09-08,dp_deg,5.58155e-15,8.57916e-15,2.9976e-15,2.498e-16,1.249e-16
2019-09-08,dp_nodeg,-13.6721,10.3279,24,2,1
2019-09-08,greedy,2.7646,20.7646,18,1.5,0.75
2019-09-09,dp_deg,3.7865,15.7865,12,1,0.5
2019-09-09,dp_nodeg,-10.8473,37.1527,48,4,2
2019-09-09,greedy,-22.1569,7.84311,30,2.5,1.25
2019-09-10,dp_deg,5.51495e-15,8.51255e-15,2.9976e-15,2.498e-16,1.249e-16
2019-09-10,dp_nodeg,-26.1308,21.8692,48,4,2
2019-09-10,greedy,-32.0933,15.9067,48,4,2
2019-09-11,dp_deg,4.82935e-15,7.82695e-15,2.9976e-15,2.498e-16,1.249e-16
2019-09-11,dp_nodeg,-32.2039,15.7961,48,4,2
2019-09-11,greedy,-34.258,13.742,48,4,2
2019-09-12,dp_deg,5.77518e-15,8.77278e-15,2.9976e-15,2.498e-16,1.249e-16
2019-09-12,dp_nodeg,-23.8635,24.1365,48,4,2
2019-09-12,greedy,-33.5084,-3.50845,30,2.5,1.25
2019-09-13,dp_deg,6.13415e-15,9.13175e-15,2.9976e-15,2.498e-16,1.249e-16
2019-09-13,dp_nodeg,-33.0299,14.9701,48,4,2
2019-09-13,greedy,-10.2021,31.7979,42,3.5,1.75
2019-09-14,dp_deg,5.32413e-15,8.32173e-15,2.9976e-15,2.498e-16,1.249e-16
2019-09-14,dp_nodeg,-28.5191,19.4809,48,4,2
2019-09-14,greedy,-9.95436,32.0456,42,3.5,1.75
2019-09-15,dp_deg,20.0055,44.0055,24,2,1
2019-09-15,dp_nodeg,-6.66073,53.3393,60,5,2.5
2019-09-15,greedy,12.9591,30.9591,18,1.5,0.75
2019-09-16,dp_deg,7.96779e-15,1.09654e-14,2.9976e-15,2.498e-16,1.249e-16
2019-09-16,dp_nodeg,-14.4153,21.5847,36,3,1.5
2019-09-16,greedy,-36.9411,-6.94109,30,2.5,1.25
2019-09-17,dp_deg,2.48507,14.4851,12,1,0.5
2019-09-17,dp_nodeg,-15.9163,32.0837,48,4,2
2019-09-17,greedy,-22.3527,13.6473,36,3,1.5
2019-09-18,dp_deg,5.50906e-15,8.50667e-15,2.9976e-15,2.498e-16,1.249e-16
2019-09-18,dp_nodeg,-13.243,34.757,48,4,2
2019-09-18,greedy,7.4024,49.4024,42,3.5,1.75
2019-09-19,dp_deg,4.77026,16.7703,12,1,0.5
2019-09-19,dp_nodeg,-12.8702,35.1298,48,4,2
2019-09-19,greedy,8.61433,50.6143,42,3.5,1.75
2019-09-20,dp_deg,6.8517e-15,9.8493e-15,2.9976e-15,2.498e-16,1.249e-16
2019-09-20,dp_nodeg,-17.038,30.962,48,4,2
2019-09-20,greedy,-41.9195,12.0805,54,4.5,2.25
2019-09-21,dp_deg,4.97684e-15,7.97444e-15,2.9976e-15,2.498e-16,1.249e-16
2019-09-21,dp_nodeg,-20.5098,27.4902,48,4,2
2019-09-21,greedy,-26.1507,21.8493,48,4,2
2019-09-22,dp_deg,3.86924e-15,6.86684e-15,2.9976e-15,2.498e-16,1.249e-16
2019-09-22,dp_nodeg,-26.9092,9.09084,36,3,1.5
2019-09-22,greedy,2.29413,20.2941,18,1.5,0.75
2019-09-23,dp_deg,3.46473,15.4647,12,1,0.5
2019-09-23,dp_nodeg,-2.06056,21.9394,24,2,1
2019-09-23,greedy,-36.9606,-6.96061,30,2.5,1.25
2019-09-24,dp_deg,7.97359e-15,1.09712e-14,2.9976e-15,2.498e-16,1.249e-16
2019-09-24,dp_nodeg,-21.5609,26.4391,48,4,2
2019-09-24,greedy,-31.9146,-1.91457,30,2.5,1.25
2019-09-25,dp_deg,7.82977e-15,1.08274e-14,2.9976e-15,2.498e-16,1.249e-16
2019-09-25,dp_nodeg,-15.4953,20.5047,36,3,1.5
2019-09-25,greedy,-30.0092,-0.00916579,30,2.5,1.25
2019-09-26,dp_deg,6.58192e-15,9.57952e-15,2.9976e-15,2.498e-16,1.249e-16
2019-09-26,dp_nodeg,-9.36397,14.636,24,2,1
2019-09-26,greedy,-34.5624,-4.5624,30,2.5,1.25
2019-09-27,dp_deg,5.88203e-15,8.87963e-15,2.9976e-15,2.498e-16,1.249e-16
2019-09-27,dp_nodeg,-23.2166,24.7834,48,4,2
2019-09-27,greedy,-29.8141,0.185904,30,2.5,1.25
2019-09-28,dp_deg,21.9362,57.9362,36,3,1.5
2019-09-28,dp_nodeg,13.0752,61.0752,48,4,2
2019-09-28,greedy,-17.7385,36.2615,54,4.5,2.25
2019-09-29,dp_deg,12.6477,36.6477,24,2,1
2019-09-29,dp_nodeg,8.09299,56.093,48,4,2
2019-09-29,greedy,-8.8681,45.1319,54,4.5,2.25
2019-09-30,dp_deg,47.2142,95.2142,48,4,2
2019-09-30,dp_nodeg,43.9607,103.961,60,5,2.5
2019-09-30,greedy,29.2239,59.2239,30,2.5,1.25
2019-10-01,dp_deg,6.86319e-15,9.86079e-15,2.9976e-15,2.498e-16,1.249e-16
2019-10-01,dp_nodeg,-27.4318,20.5682,48,4,2
2019-10-01,greedy,-36.9305,-6.93052,30,2.5,1.25
2019-10-02,dp_deg,6.39746e-15,9.39506e-15,2.9976e-15,2.498e-16,1.249e-16
2019-10-02,dp_nodeg,-21.8452,26.1548,48,4,2
2019-10-02,greedy,-38.3668,3.63321,42,3.5,1.75
2019-10-03,dp_deg,6.39302e-15,9.39062e-15,2.9976e-15,2.498e-16,1.249e-16
2019-10-03,dp_nodeg,-24.9917,23.0083,48,4,2
2019-10-03,greedy,-12.2588,11.7412,24,2,1
2019-10-04,dp_deg,7.03345e-15,1.00311e-14,2.9976e-15,2.498e-16,1.249e-16
2019-10-04,dp_nodeg,-8.70424,15.2958,24,2,1
2019-10-04,greedy,-36.2922,-6.29215,30,2.5,1.25
2019-10-05,dp_deg,5.60636e-15,8.60396e-15,2.9976e-15,2.498e-16,1.249e-16
2019-10-05,dp_nodeg,-21.0493,14.9507,36,3,1.5
2019-10-05,greedy,4.78205,22.782,18,1.5,0.75
2019-10-06,dp_deg,4.36372e-15,7.36133e-15,2.9976e-15,2.498e-16,1.249e-16
2019-10-06,dp_nodeg,-38.6038,9.39622,48,4,2
2019-10-06,greedy,-5.50762,24.4924,30,2.5,1.25
2019-10-07,dp_deg,2.50163,26.5016,24,2,1
2019-10-07,dp_nodeg,-8.94379,27.0562,36,3,1.5
2019-10-07,greedy,-22.4997,7.50031,30,2.5,1.25
2019-10-08,dp_deg,5.01631e-15,8.01392e-15,2.9976e-15,2.498e-16,1.249e-16
2019-10-08,dp_nodeg,-37.7352,22.2648,60,5,2.5
2019-10-08,greedy,-29.7592,0.240791,30,2.5,1.25
2019-10-09,dp_deg,1.3704,13.3704,12,1,0.5
2019-10-09,dp_nodeg,-20.7135,27.2865,48,4,2
2019-10-09,greedy,-29.1493,0.850693,30,2.5,1.25
2019-10-10,dp_deg,0.314179,12.3142,12,1,0.5
2019-10-10,dp_nodeg,-21.9049,38.0951,60,5,2.5
2019-10-10,greedy,1.14152,43.1415,42,3.5,1.75
2019-10-11,dp_deg,6.68332,18.6833,12,1,0.5
2019-10-11,dp_nodeg,-19.4989,40.5011,60,5,2.5
2019-10-11,greedy,-18.0046,23.9954,42,3.5,1.75
2019-10-12,dp_deg,11.3506,23.3506,12,1,0.5
2019-10-12,dp_nodeg,-7.06032,40.9397,48,4,2
2019-10-12,greedy,18.0628,36.0628,18,1.5,0.75
2019-10-13,dp_deg,6.35853,18.3585,12,1,0.5
2019-10-13,dp_nodeg,0.73992,36.7399,36,3,1.5
2019-10-13,greedy,-30.5462,11.4538,42,3.5,1.75
2019-10-14,dp_deg,10.7686,22.7686,12,1,0.5
2019-10-14,dp_nodeg,-13.3322,34.6678,48,4,2
2019-10-14,greedy,-13.325,16.675,30,2.5,1.25
2019-10-15,dp_deg,6.42161,18.4216,12,1,0.5
2019-10-15,dp_nodeg,-17.5268,30.4732,48,4,2
2019-10-15,greedy,-30.1289,-0.12886,30,2.5,1.25
2019-10-16,dp_deg,6.07498e-15,9.07258e-15,2.9976e-15,2.498e-16,1.249e-16
2019-10-16,dp_nodeg,-24.2468,23.7532,48,4,2
2019-10-16,greedy,-32.3981,-2.39809,30,2.5,1.25
2019-10-17,dp_deg,3.45546,15.4555,12,1,0.5
2019-10-17,dp_nodeg,-20.947,27.053,48,4,2
2019-10-17,greedy,-32.5486,-2.54863,30,2.5,1.25
2019-10-18,dp_deg,5.13349e-15,8.1311e-15,2.9976e-15,2.498e-16,1.249e-16
2019-10-18,dp_nodeg,-28.2075,19.7925,48,4,2
2019-10-18,greedy,-41.8711,0.12886,42,3.5,1.75
2019-10-19,dp_deg,4.69528e-15,7.69288e-15,2.9976e-15,2.498e-16,1.249e-16
2019-10-19,dp_nodeg,-10.4062,13.5938,24,2,1
2019-10-19,greedy,0.771421,18.7714,18,1.5,0.75
2019-10-20,dp_deg,5.07423e-15,8.07183e-15,2.9976e-15,2.498e-16,1.249e-16
2019-10-20,dp_nodeg,-19.6118,16.3882,36,3,1.5
2019-10-20,greedy,4.46804,22.468,18,1.5,0.75
2019-10-21,dp_deg,4.98291,16.9829,12,1,0.5
2019-10-21,dp_nodeg,-11.6807,24.3193,36,3,1.5
2019-10-21,greedy,-10.3055,13.6945,24,2,1
2019-10-22,dp_deg,1.19021,13.1902,12,1,0.5
2019-10-22,dp_nodeg,-17.0292,30.9708,48,4,2
2019-10-22,greedy,-33.9856,-3.98561,30,2.5,1.25
2019-10-23,dp_deg,7.06337e-15,1.0061e-14,2.9976e-15,2.498e-16,1.249e-16
2019-10-23,dp_nodeg,-23.2769,24.7231,48,4,2
2019-10-23,greedy,-32.0724,-2.07244,30,2.5,1.25
2019-10-24,dp_deg,5.87305e-15,8.87066e-15,2.9976e-15,2.498e-16,1.249e-16
2019-10-24,dp_nodeg,-15.2895,20.7105,36,3,1.5
2019-10-24,greedy,-30.8856,-0.885631,30,2.5,1.25
2019-10-25,dp_deg,5.34478e-15,8.34238e-15,2.9976e-15,2.498e-16,1.249e-16
2019-10-25,dp_nodeg,-20.8843,27.1157,48,4,2
2019-10-25,greedy,-23.9715,6.0285,30,2.5,1.25
2019-10-26,dp_deg,9.52046,33.5205,24,2,1
2019-10-26,dp_nodeg,-6.25216,53.7478,60,5,2.5
2019-10-26,greedy,-13.0762,40.9238,54,4.5,2.25
2019-10-27,dp_deg,27.9218,39.9218,12,1,0.5
2019-10-27,dp_nodeg,22.6066,46.6066,24,2,1
2019-10-27,greedy,31.891,49.891,18,1.5,0.75
2019-10-28,dp_deg,3.26545,15.2655,12,1,0.5
2019-10-28,dp_nodeg,-11.4545,24.5455,36,3,1.5
2019-10-28,greedy,-11.4564,12.5436,24,2,1
2019-10-29,dp_deg,8.14829e-15,1.11459e-14,2.9976e-15,2.498e-16,1.249e-16
2019-10-29,dp_nodeg,-15.7815,20.2185,36,3,1.5
2019-10-29,greedy,-13.3972,10.6028,24,2,1
2019-10-30,dp_deg,8.12696e-15,1.11246e-14,2.9976e-15,2.498e-16,1.249e-16
2019-10-30,dp_nodeg,-14.2026,21.7974,36,3,1.5
2019-10-30,greedy,-12.8451,11.1549,24,2,1
2019-10-31,dp_deg,6.87892e-15,9.87652e-15,2.9976e-15,2.498e-16,1.249e-16
2019-10-31,dp_nodeg,-33.0544,14.9456,48,4,2
2019-10-31,greedy,-19.0218,4.97821,24,2,1
2019-11-01,dp_deg,4.47694e-15,7.47455e-15,2.9976e-15,2.498e-16,1.249e-16
2019-11-01,dp_nodeg,-26.3244,9.67562,36,3,1.5
2019-11-01,greedy,-53.8254,-11.8254,42,3.5,1.75
2019-11-02,dp_deg,3.36722e-15,6.36482e-15,2.9976e-15,2.498e-16,1.249e-16
2019-11-02,dp_nodeg,-25.1033,10.8967,36,3,1.5
2019-11-02,greedy,-4.22792,13.7721,18,1.5,0.75
2019-11-03,dp_deg,7.10462,19.1046,12,1,0.5
2019-11-03,dp_nodeg,-7.45871,28.5413,36,3,1.5
2019-11-03,greedy,8.67179,26.6718,18,1.5,0.75
2019-11-04,dp_deg,0.525424,12.5254,12,1,0.5
2019-11-04,dp_nodeg,-14.891,21.109,36,3,1.5
2019-11-04,greedy,-12.6338,11.3662,24,2,1
2019-11-05,dp_deg,3.68719,15.6872,12,1,0.5
2019-11-05,dp_nodeg,-0.812719,23.1873,24,2,1
2019-11-05,greedy,-13.3394,10.6606,24,2,1
2019-11-06,dp_deg,11.7261,35.7261,24,2,1
2019-11-06,dp_nodeg,11.7261,35.7261,24,2,1
2019-11-06,greedy,-12.3147,11.6853,24,2,1
2019-11-07,dp_deg,6.89793e-15,9.89554e-15,2.9976e-15,2.498e-16,1.249e-16
2019-11-07,dp_nodeg,-24.82,11.18,36,3,1.5
2019-11-07,greedy,-42.5827,-12.5827,30,2.5,1.25
2019-11-08,dp_deg,1.66468,13.6647,12,1,0.5
2019-11-08,dp_nodeg,-3.73445,20.2656,24,2,1
2019-11-08,greedy,-11.9182,12.0818,24,2,1
2019-11-09,dp_deg,6.66068e-15,9.65828e-15,2.9976e-15,2.498e-16,1.249e-16
2019-11-09,dp_nodeg,-28.1936,7.80645,36,3,1.5
2019-11-09,greedy,-50.9416,-20.9416,30,2.5,1.25
2019-11-10,dp_deg,6.49389e-15,9.49149e-15,2.9976e-15,2.498e-16,1.249e-16
2019-11-10,dp_nodeg,-14.7932,9.20676,24,2,1
2019-11-10,greedy,8.67718,26.6772,18,1.5,0.75
2019-11-11,dp_deg,6.52487e-15,9.52247e-15,2.9976e-15,2.498e-16,1.249e-16
2019-11-11,dp_nodeg,-10.0405,13.9595,24,2,1
2019-11-11,greedy,-40.1614,-10.1614,30,2.5,1.25
2019-11-12,dp_deg,6.77834e-15,9.77594e-15,2.9976e-15,2.498e-16,1.249e-16
2019-11-12,dp_nodeg,-5.00213,18.9979,24,2,1
2019-11-12,greedy,-15.2277,8.7723,24,2,1
2019-11-13,dp_deg,0.827787,12.8278,12,1,0.5
2019-11-13,dp_nodeg,-2.36303,21.637,24,2,1
2019-11-13,greedy,-11.4558,12.5442,24,2,1
2019-11-14,dp_deg,7.50178e-15,1.04994e-14,2.9976e-15,2.498e-16,1.249e-16
2019-11-14,dp_nodeg,-8.98483,15.0152,24,2,1
2019-11-14,greedy,-14.1887,9.81127,24,2,1
2019-11-15,dp_deg,5.78213e-15,8.77973e-15,2.9976e-15,2.498e-16,1.249e-16
2019-11-15,dp_nodeg,-35.6737,12.3263,48,4,2
2019-11-15,greedy,9.78991,27.7899,18,1.5,0.75
2019-11-16,dp_deg,5.82807e-15,8.82568e-15,2.9976e-15,2.498e-16,1.249e-16
2019-11-16,dp_nodeg,-30.5825,5.41752,36,3,1.5
2019-11-16,greedy,-70.5226,-16.5226,54,4.5,2.25
2019-11-17,dp_deg,5.53155e-15,8.52916e-15,2.9976e-15,2.498e-16,1.249e-16
2019-11-17,dp_nodeg,-15.7645,8.23551,24,2,1
2019-11-17,greedy,-19.5667,4.43333,24,2,1
2019-11-18,dp_deg,0.152754,12.1528,12,1,0.5
2019-11-18,dp_nodeg,-1.99219,22.0078,24,2,1
2019-11-18,greedy,-30.8317,-0.831714,30,2.5,1.25
2019-11-19,dp_deg,14.0129,38.0129,24,2,1
2019-11-19,dp_nodeg,14.0129,38.0129,24,2,1
2019-11-19,greedy,20.7139,38.7139,18,1.5,0.75
2019-11-20,dp_deg,0.127413,12.1274,12,1,0.5
2019-11-20,dp_nodeg,-0.828355,23.1716,24,2,1
2019-11-20,greedy,-31.1787,-1.17872,30,2.5,1.25
2019-11-21,dp_deg,8.60514e-15,1.16027e-14,2.9976e-15,2.498e-16,1.249e-16
2019-11-21,dp_nodeg,-6.83496,17.165,24,2,1
2019-11-21,greedy,-10.4218,13.5782,24,2,1
2019-11-22,dp_deg,7.09793e-15,1.00955e-14,2.9976e-15,2.498e-16,1.249e-16
2019-11-22,dp_nodeg,-12.6046,11.3954,24,2,1
2019-11-22,greedy,-12.9173,11.0827,24,2,1
2019-11-23,dp_deg,4.08612e-15,7.08373e-15,2.9976e-15,2.498e-16,1.249e-16
2019-11-23,dp_nodeg,-23.759,12.241,36,3,1.5
2019-11-23,greedy,-22.5348,1.46523,24,2,1
2019-11-24,dp_deg,7.92329,19.9233,12,1,0.5
2019-11-24,dp_nodeg,-10.8825,25.1175,36,3,1.5
2019-11-24,greedy,18.9643,36.9643,18,1.5,0.75
2019-11-25,dp_deg,8.84451e-15,1.18421e-14,2.9976e-15,2.498e-16,1.249e-16
2019-11-25,dp_nodeg,-8.05789,15.9421,24,2,1
2019-11-25,greedy,-11.9053,12.0947,24,2,1
2019-11-26,dp_deg,7.97465e-15,1.09723e-14,2.9976e-15,2.498e-16,1.249e-16
2019-11-26,dp_nodeg,-12.8993,11.1007,24,2,1
2019-11-26,greedy,-15.229,8.77101,24,2,1
2019-11-27,dp_deg,6.15268e-15,9.15028e-15,2.9976e-15,2.498e-16,1.249e-16
2019-11-27,dp_nodeg,-7.15695,16.843,24,2,1
2019-11-27,greedy,-37.5218,-7.52177,30,2.5,1.25
2019-11-28,dp_deg,5.77019,17.7702,12,1,0.5
2019-11-28,dp_nodeg,-4.21899,31.781,36,3,1.5
2019-11-28,greedy,-14.2146,9.78539,24,2,1
2019-11-29,dp_deg,7.31263,19.3126,12,1,0.5
2019-11-29,dp_nodeg,-9.35474,26.6453,36,3,1.5
2019-11-29,greedy,-12.2101,11.7899,24,2,1
2019-11-30,dp_deg,6.73471e-15,9.73232e-15,2.9976e-15,2.498e-16,1.249e-16
2019-11-30,dp_nodeg,-15.5675,8.43252,24,2,1
2019-11-30,greedy,3.86363,21.8636,18,1.5,0.75
2019-12-01,dp_deg,6.83568e-15,9.83328e-15,2.9976e-15,2.498e-16,1.249e-16
2019-12-01,dp_nodeg,-15.9533,8.0467,24,2,1
2019-12-01,greedy,6.59612,24.5961,18,1.5,0.75
2019-12-02,dp_deg,7.70043e-15,1.0698e-14,2.9976e-15,2.498e-16,1.249e-16
2019-12-02,dp_nodeg,-31.5372,16.4628,48,4,2
2019-12-02,greedy,-14.9171,9.08286,24,2,1
2019-12-03,dp_deg,3.6452,27.6452,24,2,1
2019-12-03,dp_nodeg,3.6452,27.6452,24,2,1
2019-12-03,greedy,-26.1638,3.83615,30,2.5,1.25
2019-12-04,dp_deg,1.86514,13.8651,12,1,0.5
2019-12-04,dp_nodeg,-23.874,24.126,48,4,2
2019-12-04,greedy,-13.0538,10.9462,24,2,1
2019-12-05,dp_deg,2.184,14.184,12,1,0.5
2019-12-05,dp_nodeg,-23.5416,24.4584,48,4,2
2019-12-05,greedy,-31.0962,-1.09623,30,2.5,1.25
2019-12-06,dp_deg,4.20678e-15,7.20438e-15,2.9976e-15,2.498e-16,1.249e-16
2019-12-06,dp_nodeg,-13.2149,22.7851,36,3,1.5
2019-12-06,greedy,-9.57489,14.4251,24,2,1
2019-12-07,dp_deg,11.6557,23.6557,12,1,0.5
2019-12-07,dp_nodeg,-9.90947,38.0905,48,4,2
2019-12-07,greedy,7.47991,25.4799,18,1.5,0.75
2019-12-08,dp_deg,40.2487,76.2487,36,3,1.5
2019-12-08,dp_nodeg,11.9597,83.9597,72,6,3
2019-12-08,greedy,28.0636,58.0636,30,2.5,1.25
2019-12-09,dp_deg,15.5377,27.5377,12,1,0.5
2019-12-09,dp_nodeg,5.56684,41.5668,36,3,1.5
2019-12-09,greedy,11.3765,35.3765,24,2,1
2019-12-10,dp_deg,1.29406,13.2941,12,1,0.5
2019-12-10,dp_nodeg,0.885971,24.886,24,2,1
2019-12-10,greedy,-22.1698,7.83017,30,2.5,1.25
2019-12-11,dp_deg,15.879,27.879,12,1,0.5
2019-12-11,dp_nodeg,6.0647,42.0647,36,3,1.5
2019-12-11,greedy,20.1861,38.1861,18,1.5,0.75
2019-12-12,dp_deg,7.33827e-15,1.03359e-14,2.9976e-15,2.498e-16,1.249e-16
2019-12-12,dp_nodeg,-4.72921,19.2708,24,2,1
2019-12-12,greedy,-38.2598,-8.25977,30,2.5,1.25
2019-12-13,dp_deg,5.51571,17.5157,12,1,0.5
2019-12-13,dp_nodeg,-10.6174,25.3826,36,3,1.5
2019-12-13,greedy,7.31126,25.3113,18,1.5,0.75
2019-12-14,dp_deg,1.57906,13.5791,12,1,0.5
2019-12-14,dp_nodeg,-41.5164,30.4836,72,6,3
2019-12-14,greedy,-24.8518,5.14815,30,2.5,1.25
2019-12-15,dp_deg,7.28147,19.2815,12,1,0.5
2019-12-15,dp_nodeg,-45.509,26.491,72,6,3
2019-12-15,greedy,11.9064,29.9064,18,1.5,0.75
2019-12-16,dp_deg,6.46281e-15,9.46041e-15,2.9976e-15,2.498e-16,1.249e-16
2019-12-16,dp_nodeg,-21.9641,14.0359,36,3,1.5
2019-12-16,greedy,-14.7618,9.23825,24,2,1
2019-12-17,dp_deg,5.50781e-15,8.50541e-15,2.9976e-15,2.498e-16,1.249e-16
2019-12-17,dp_nodeg,-11.4827,12.5173,24,2,1
2019-12-17,greedy,-35.2697,-5.26968,30,2.5,1.25
2019-12-18,dp_deg,1.29222,13.2922,12,1,0.5
2019-12-18,dp_nodeg,-4.41574,19.5843,24,2,1
2019-12-18,greedy,-8.86707,15.1329,24,2,1
2019-12-19,dp_deg,5.02819e-15,8.02579e-15,2.9976e-15,2.498e-16,1.249e-16
2019-12-19,dp_nodeg,-13.3717,10.6283,24,2,1
2019-12-19,greedy,-15.8926,8.10741,24,2,1
2019-12-20,dp_deg,3.81451e-15,6.81211e-15,2.9976e-15,2.498e-16,1.249e-16
2019-12-20,dp_nodeg,-35.3486,12.6514,48,4,2
2019-12-20,greedy,-21.0602,2.93984,24,2,1
2019-12-21,dp_deg,3.35107,15.3511,12,1,0.5
2019-12-21,dp_nodeg,-11.1389,24.8611,36,3,1.5
2019-12-21,greedy,5.7506,23.7506,18,1.5,0.75
2019-12-22,dp_deg,4.25579,16.2558,12,1,0.5
2019-12-22,dp_nodeg,-17.0194,30.9806,48,4,2
2019-12-22,greedy,6.90419,24.9042,18,1.5,0.75
2019-12-23,dp_deg,10.6178,22.6178,12,1,0.5
2019-12-23,dp_nodeg,-7.72166,40.2783,48,4,2
2019-12-23,greedy,-1.19412,22.8059,24,2,1
2019-12-24,dp_deg,10.564,22.564,12,1,0.5
2019-12-24,dp_nodeg,-14.6612,33.3388,48,4,2
2019-12-24,greedy,12.7211,30.7211,18,1.5,0.75
2019-12-25,dp_deg,3.31471e-15,6.31231e-15,2.9976e-15,2.498e-16,1.249e-16
2019-12-25,dp_nodeg,-17.6245,18.3755,36,3,1.5
2019-12-25,greedy,4.75077,22.7508,18,1.5,0.75
2019-12-26,dp_deg,4.79238e-15,7.78998e-15,2.9976e-15,2.498e-16,1.249e-16
2019-12-26,dp_nodeg,-17.0268,6.97322,24,2,1
2019-12-26,greedy,1.87336,19.8734,18,1.5,0.75
2019-12-27,dp_deg,5.76282e-15,8.76043e-15,2.9976e-15,2.498e-16,1.249e-16
2019-12-27,dp_nodeg,-13.0859,10.9141,24,2,1
2019-12-27,greedy,3.52676,21.5268,18,1.5,0.75
2019-12-28,dp_deg,4.94643e-15,7.94403e-15,2.9976e-15,2.498e-16,1.249e-16
2019-12-28,dp_nodeg,-14.6809,9.31912,24,2,1
2019-12-28,greedy,-22.8328,1.16718,24,2,1
2019-12-29,dp_deg,3.99057e-15,6.98817e-15,2.9976e-15,2.498e-16,1.249e-16
2019-12-29,dp_nodeg,-20.9198,15.0802,36,3,1.5
2019-12-29,greedy,-22.1855,1.8145,24,2,1
2019-12-30,dp_deg,5.49101,17.491,12,1,0.5
2019-12-30,dp_nodeg,-22.7374,25.2626,48,4,2
2019-12-30,greedy,-13.4386,10.5614,24,2,1
2019-12-31,dp_deg,7.45185,19.4518,12,1,0.5
2019-12-31,dp_nodeg,-20.0715,27.9285,48,4,2
2019-12-31,greedy,7.33563,25.3356,18,1.5,0.75
